Model,Accuracy (%),Sensitivity (%),Specificity (%),Error Rate (%),Precision (%),F1-Score (%),ROC-AUC (%),MAE,MSE,RMSE,Training Time
XGBoost,85.61,8.29,99.44,14.39,72.73,14.88,68.49,0.2349,0.1216,0.3487,1.63s
Support Vector Machine (SVM),85.3,8.29,99.07,14.7,61.54,14.61,55.77,0.2485,0.126,0.355,1.66s
Stacking Ensemble,85.22,6.74,99.26,14.78,61.9,12.15,69.29,0.2385,0.1206,0.3472,10.23s
Long Short-Term Memory (LSTM),85.06,3.11,99.72,14.94,66.67,5.94,68.3,0.2411,0.1228,0.3504,21.41s
Gated Recurrent Unit (GRU),84.98,4.15,99.44,15.02,57.14,7.73,69.81,0.2233,0.1201,0.3465,45.54s
Random Forest,84.98,1.55,99.91,15.02,75.0,3.05,68.86,0.2381,0.1206,0.3473,0.67s
Artificial Neural Network (ANN),84.83,5.18,99.07,15.17,50.0,9.39,68.22,0.2325,0.1243,0.3526,11.42s
Gradient Boosting,84.59,7.77,98.33,15.41,45.45,13.27,67.61,0.2358,0.125,0.3535,0.55s
Logistic Regression,84.59,5.7,98.7,15.41,44.0,10.09,70.16,0.2326,0.1208,0.3475,0.01s
K-Nearest Neighbors,84.51,8.81,98.05,15.49,44.74,14.72,61.29,0.2287,0.1321,0.3635,0.01s
Decision Tree,84.12,5.7,98.15,15.88,35.48,9.82,63.33,0.2398,0.1295,0.3598,0.01s
